"","mean","sd","2.5%","97.5%","rhat","ess_bulk","modelLabel"
"p[1]",0.687248241,0.036378609694181,0.61536825,0.756685175,1.00205844323643,3942.46760857574,"massa target loc - Figure 4C"
"p[2]",0.8387738345,0.028878811397649,0.7777955,0.8889771,1.00336383683083,3838.34008122046,"massa target loc - Figure 4C"
"p[3]",0.911634769,0.0220907990982227,0.864117275,0.94951125,1.00119760877933,3301.85877045044,"massa target loc - Figure 4C"
"p[4]",0.674705869,0.0353975972646435,0.6050395,0.74282305,0.999602263909099,3270.95561779509,"massa target loc - Figure 4C"
"p[5]",0.899443775,0.0232647714863596,0.849566525,0.940291475,1.00291978604537,2883.43174897268,"massa target loc - Figure 4C"
"p[6]",0.86932765,0.0262801511426312,0.814702575,0.9169499,1.00052302865398,3907.03051577163,"massa target loc - Figure 4C"
"p[7]",0.8083152215,0.0299317420157512,0.745057875,0.86472585,0.999665420159306,4332.59677803019,"massa target loc - Figure 4C"
"p[8]",0.8692871695,0.0271942854403287,0.81013545,0.9178979,1.00318047204695,3268.94817161527,"massa target loc - Figure 4C"
"p[9]",0.5653620335,0.0382065994351182,0.48738205,0.63792995,1.00163155462581,5150.41229578585,"massa target loc - Figure 4C"
"p[10]",0.2371187445,0.032017662547424,0.176444725,0.30241345,1.00084264758852,3792.85781661684,"massa target loc - Figure 4C"
"p[11]",0.576541394,0.0378995562287995,0.49929805,0.64878665,1.00321450576158,2139.94893525008,"massa target loc - Figure 4C"
"p[12]",0.522475226,0.0392695215069093,0.445502975,0.596140625,1.00202863117483,3722.7200191755,"massa target loc - Figure 4C"
"p[13]",0.808402111,0.0292635989497092,0.748652725,0.860593325,1.00414750896225,3751.64631990445,"massa target loc - Figure 4C"
"p[14]",0.8388371995,0.0271323972285049,0.7844519,0.89046895,1.00147983846922,3532.05848151669,"massa target loc - Figure 4C"
"p[15]",0.8508327265,0.0259956200312111,0.796728925,0.897229675,1.00053119076418,4823.57010021427,"massa target loc - Figure 4C"
"p[16]",0.2812178535,0.0360473174673419,0.21264065,0.3564618,0.998909667236278,3315.52794780154,"massa target loc - Figure 4C"
"p[17]",0.710940046,0.0370351528041873,0.632851025,0.779155225,1.00295487911349,3152.9885424048,"massa target loc - Figure 4C"
"p[18]",0.291945648,0.0353822365563705,0.22487955,0.362803825,1.00784367230149,3809.12600057554,"massa target loc - Figure 4C"
"p[19]",0.730035866,0.0334325408220787,0.662892625,0.79221765,1.00721197310442,3240.43295929902,"massa target loc - Figure 4C"
"p[20]",0.7351822705,0.0342796859884548,0.667164975,0.800104525,1.00231920525121,3950.08952241099,"massa target loc - Figure 4C"
"p[21]",0.274111064,0.0329389974544089,0.213805775,0.3387057,0.999577419007629,4418.86148479379,"massa target loc - Figure 4C"
"p[22]",0.390496952,0.0374186845366847,0.317844275,0.46494495,1.00065403523024,3265.1668455782,"massa target loc - Figure 4C"
"p[23]",0.6686034205,0.0353793805775724,0.5974355,0.735219925,0.999758695249241,3159.32873510809,"massa target loc - Figure 4C"
"p[24]",0.8205418815,0.0306360018504397,0.7569733,0.874798175,1.00174793093462,3148.57485114292,"massa target loc - Figure 4C"
"p[25]",0.9420320605,0.0177621616954099,0.9025617,0.97246215,1.00041099770901,2919.56554220747,"massa target loc - Figure 4C"
"p[26]",0.5777393685,0.0378472556930018,0.503478625,0.65254105,1.00169309914704,3232.58827197464,"massa target loc - Figure 4C"
"p[27]",0.6739031165,0.0377453902345692,0.59881225,0.746519275,1.00167498227345,3447.33775695922,"massa target loc - Figure 4C"
"p[28]",0.4626417485,0.0375167559436383,0.39103545,0.53666775,1.0017070951553,3312.59747390181,"massa target loc - Figure 4C"
"p[29]",0.730019753,0.0348374472683501,0.659827175,0.795297625,0.999040829603177,3231.8460702581,"massa target loc - Figure 4C"
"p[30]",0.831912118,0.0285830870740446,0.771905525,0.884872475,1.00277309873876,3974.39978562182,"massa target loc - Figure 4C"
"p[31]",0.7344349,0.0328878456931914,0.667357375,0.796719225,1.00055494818951,2873.95831402786,"massa target loc - Figure 4C"
"p[32]",0.8633729445,0.0271870496832345,0.8056358,0.9125075,1.00300437617668,4797.05975733673,"massa target loc - Figure 4C"
"p[33]",0.759080826,0.0337283287389768,0.691563475,0.819535925,1.00290463806958,3542.36437172181,"massa target loc - Figure 4C"
"p[34]",0.3888031445,0.0388557636042873,0.311935125,0.463946,1.00164187905515,3315.00317491107,"massa target loc - Figure 4C"
"p[35]",0.4431491665,0.0385681422931381,0.3681727,0.5201358,1.00272935624234,3060.53105386939,"massa target loc - Figure 4C"
"p[36]",0.553840422,0.0389123000500807,0.47651945,0.627024425,1.00265262198609,3329.57054366894,"massa target loc - Figure 4C"
"p[37]",0.3408769425,0.0378017426519593,0.26735155,0.417260175,1.00503527661062,3373.19511833139,"massa target loc - Figure 4C"
"p[38]",0.869031792,0.0258043619649071,0.815035875,0.916194425,1.00324352265799,2540.83912666414,"massa target loc - Figure 4C"
"p[39]",0.6016533945,0.0389955520828336,0.523433825,0.677377125,1.00158606977699,4816.28169951014,"massa target loc - Figure 4C"
"p[40]",0.335651017,0.0394146883716265,0.26069675,0.4139294,1.00095969793042,4583.42534174904,"massa target loc - Figure 4C"
"p[41]",0.954159369,0.0164602049436583,0.9163375,0.9801911,1.0040556911125,3672.74502938358,"massa target loc - Figure 4C"
"p[42]",0.747237064,0.0328042029585506,0.68157445,0.808777825,0.999748624242786,3436.9873084804,"massa target loc - Figure 4C"
"p[43]",0.9057112955,0.0231177013733107,0.85636475,0.9459356,1.00698261737339,3730.06122700335,"massa target loc - Figure 4C"
"p[44]",0.9847651045,0.00969221639651728,0.961580825,0.99736655,1.00137377662079,2882.90558560226,"massa target loc - Figure 4C"
"p[45]",0.2802629285,0.0353677522820878,0.21226775,0.354067775,1.0007104416683,4228.71296995917,"massa target loc - Figure 4C"
"p[46]",0.918523276,0.0210580757783461,0.8742864,0.9541154,1.00374324555131,3504.42410085116,"massa target loc - Figure 4C"
"p[47]",0.936040512,0.0186691548384775,0.895578375,0.96800015,1.00245653739299,3331.20134405106,"massa target loc - Figure 4C"
"p[48]",0.4508397605,0.0392584157246538,0.372922625,0.528515975,1.0091768434312,3711.56680152646,"massa target loc - Figure 4C"
"p[49]",0.723323942,0.0345596453376705,0.65560105,0.78812625,1.00211244892675,3884.33807179346,"massa target loc - Figure 4C"
"p[50]",0.66825323,0.0376606877937412,0.59095665,0.740565875,1.0010989030544,3367.09189171719,"massa target loc - Figure 4C"
"p[51]",0.579468518,0.0386256691131286,0.50419995,0.6525469,1.00034686032236,4280.80920148804,"massa target loc - Figure 4C"
"p[52]",0.784338389,0.031373301437723,0.71956405,0.844535525,1.00070378422697,4688.7834744152,"massa target loc - Figure 4C"
"p[53]",0.820437988,0.0302533104824981,0.75418975,0.874687225,1.00203734887908,3532.35290550216,"massa target loc - Figure 4C"
"p[54]",0.577639663,0.0381486603365461,0.503764075,0.65169235,1.00164522914421,3200.2689255199,"massa target loc - Figure 4C"
"p[55]",0.620884538,0.0364981523307459,0.544247325,0.691694775,1.0015688391574,3433.16250915088,"massa target loc - Figure 4C"
"p[56]",0.339728678,0.0370921191554626,0.26865365,0.4143957,0.998580359972447,3842.34884335462,"massa target loc - Figure 4C"
"p[57]",0.2977574745,0.0344354426593143,0.23176645,0.36810995,1.00321203867533,3756.20086265546,"massa target loc - Figure 4C"
"p[58]",0.857827741,0.0264957256730098,0.80422745,0.905446375,1.00045083329503,2388.92376232836,"massa target loc - Figure 4C"
"p[59]",0.8815228665,0.0254439051193707,0.8271213,0.92462395,1.00296866745967,3313.55027484654,"massa target loc - Figure 4C"
"p[60]",0.8444329105,0.0281321232959771,0.7859286,0.895623725,1.00219232398852,3921.93837253723,"massa target loc - Figure 4C"
"p[61]",0.8876000975,0.0239964211105542,0.83854985,0.930062475,1.00439085428956,3472.61955734467,"massa target loc - Figure 4C"
"p[62]",0.7787618595,0.0325498559731944,0.712739825,0.838566475,1.00147744745921,2492.34825008936,"massa target loc - Figure 4C"
"p[63]",0.4498643075,0.038701621778552,0.377081375,0.525212975,1.00424166194411,4036.59291571563,"massa target loc - Figure 4C"
"p[64]",0.8266013035,0.0297972244854769,0.765023,0.880786825,1.00370732628948,4149.99368254283,"massa target loc - Figure 4C"
"p[65]",0.705331604,0.0353089277376866,0.636145,0.772687375,1.00519740235603,3397.55741437725,"massa target loc - Figure 4C"
"p[66]",0.7904654395,0.0303912029774826,0.7287874,0.8470322,1.00067752581459,4277.00184810026,"massa target loc - Figure 4C"
"p[67]",0.455424689,0.0377846571094369,0.380869975,0.52821005,1.00251145077472,3155.88651981345,"massa target loc - Figure 4C"
"p[68]",0.8256159375,0.0307870979815353,0.763038525,0.881260375,1.00512509728036,5718.20437820831,"massa target loc - Figure 4C"
"p[69]",0.692795505,0.035765533134656,0.6238513,0.758519125,1.0042582103306,3709.90597138589,"massa target loc - Figure 4C"
"p[70]",0.8153657715,0.0309243065185319,0.753941525,0.872012325,1.00334469288249,3569.00521932367,"massa target loc - Figure 4C"
"p[71]",0.407495753,0.0383513833629495,0.332769625,0.4840564,1.00153378617829,4249.55704237798,"massa target loc - Figure 4C"
"p[72]",0.657566897,0.0378421722164231,0.581535025,0.73015825,1.00557559646339,3424.59074906206,"massa target loc - Figure 4C"
"a",3.120872745,0.552060924796492,2.137437,4.33620425,1.00053961473215,1738.59179418322,"massa target loc - Figure 4C"
"b",1.5243460655,0.250172507490328,1.07918675,2.05896575,1.00096685040772,1750.80541964664,"massa target loc - Figure 4C"
"p[1]1",0.8029400425,0.0444855713683625,0.707826775,0.879957825,1.00037361683441,2271.76532927151,"grubb li target loc - Figure 4F"
"p[2]1",0.8355455015,0.0401226132972031,0.750809225,0.9064443,1.00083471331879,2769.9634449462,"grubb li target loc - Figure 4F"
"p[3]1",0.799971407,0.0415711876517948,0.71294245,0.87273245,1.00379142882753,2582.92509488073,"grubb li target loc - Figure 4F"
"p[4]1",0.292627641,0.0490964231712782,0.200290425,0.397794575,1.00667194499561,2903.74013148855,"grubb li target loc - Figure 4F"
"p[5]1",0.9055376815,0.0322421402918348,0.834130625,0.956973225,1.00424941185734,3310.44801899723,"grubb li target loc - Figure 4F"
"p[6]1",0.317282685,0.0519748137356567,0.2184084,0.421048,1.00097916036885,2602.38576299284,"grubb li target loc - Figure 4F"
"p[7]1",0.8115387925,0.0420110111846147,0.723025,0.887226925,0.9999723159634,2922.14297951083,"grubb li target loc - Figure 4F"
"p[8]1",0.24625619025,0.0463309021527839,0.159700925,0.33908905,1.00544441297717,2294.42355927124,"grubb li target loc - Figure 4F"
"p[9]1",0.6589551575,0.0510562299462255,0.555485025,0.75291445,1.00202675787576,3735.50073622861,"grubb li target loc - Figure 4F"
"p[10]1",0.69326446,0.0500116600560327,0.594980125,0.787488025,0.99892754891031,2910.23541951111,"grubb li target loc - Figure 4F"
"p[11]1",0.6360060495,0.052966721937689,0.5309788,0.734154475,1.00128466093708,2948.97314964579,"grubb li target loc - Figure 4F"
"p[12]1",0.5860270335,0.0527782230589758,0.48177425,0.6864504,1.00121845188739,2875.51673260335,"grubb li target loc - Figure 4F"
"p[13]1",0.835309863,0.0392404407663319,0.753231725,0.9052708,1.0000515266995,2722.66517863435,"grubb li target loc - Figure 4F"
"p[14]1",0.67006968,0.0528324518409033,0.56195495,0.7711044,0.999880536912892,2987.82839141174,"grubb li target loc - Figure 4F"
"p[15]1",0.2352218055,0.0477446787619491,0.148690225,0.3314694,1.00367815496664,2167.80176118226,"grubb li target loc - Figure 4F"
"p[16]1",0.8711961855,0.0364157939065594,0.793632625,0.93290965,1.00375615458193,3234.84094882627,"grubb li target loc - Figure 4F"
"p[17]1",0.5876818925,0.053344252974755,0.482367325,0.688252075,1.00102689194154,2925.00004166202,"grubb li target loc - Figure 4F"
"p[18]1",0.3984511995,0.0508067708433085,0.300886175,0.502128625,0.999445084481664,2928.66099016523,"grubb li target loc - Figure 4F"
"p[19]1",0.505298735,0.0551260304518697,0.4014789,0.614827575,1.00329945636549,3183.49600278448,"grubb li target loc - Figure 4F"
"p[20]1",0.706454554,0.0493616772865079,0.60648895,0.7967643,1.00243725770203,2440.84151151121,"grubb li target loc - Figure 4F"
"p[21]1",0.860429775,0.0371382226052017,0.7807945,0.925054525,1.00207031671306,2554.92570902917,"grubb li target loc - Figure 4F"
"p[22]1",0.623887011,0.0523962226943813,0.522392725,0.7203378,1.00148024983297,2500.93927111508,"grubb li target loc - Figure 4F"
"p[23]1",0.5764462205,0.0519352353264534,0.472272475,0.6738063,1.00230664826823,2950.84245884674,"grubb li target loc - Figure 4F"
"p[24]1",0.918704527,0.0300432753971927,0.850482875,0.967849525,1.00560595608646,2596.38496233006,"grubb li target loc - Figure 4F"
"p[25]1",0.388535664,0.05287504862018,0.28815225,0.49682265,1.00081216674811,2609.42064504385,"grubb li target loc - Figure 4F"
"p[26]1",0.2231446471,0.0473234857239216,0.136196925,0.32038785,1.00726222126506,3502.47302443631,"grubb li target loc - Figure 4F"
"p[27]1",0.17535041075,0.0401667503688772,0.1054689,0.25871425,1.00125432042545,3009.54540598545,"grubb li target loc - Figure 4F"
"p[28]1",0.705397603,0.0487749250043809,0.605113775,0.795891125,0.999031272300146,2841.32620787855,"grubb li target loc - Figure 4F"
"p[29]1",0.859731014,0.0368401829108007,0.773968275,0.921913525,1.00238210865256,3127.68457464887,"grubb li target loc - Figure 4F"
"p[30]1",0.7301840475,0.0486124359685836,0.63069625,0.8175926,1.00058857710337,3904.59339082174,"grubb li target loc - Figure 4F"
"p[31]1",0.624047686,0.0527062989030099,0.516331175,0.7236161,1.00245623790764,3366.98458017225,"grubb li target loc - Figure 4F"
"p[32]1",0.6116543005,0.0520662388273535,0.5041093,0.707207975,1.00074492626714,3132.23808883929,"grubb li target loc - Figure 4F"
"p[33]1",0.8000155645,0.0430391204502532,0.711437725,0.8768451,1.00021098478523,3412.02115936248,"grubb li target loc - Figure 4F"
"p[34]1",0.4702611575,0.0566688675779742,0.360478,0.58438525,1.00055723819472,2971.92056236079,"grubb li target loc - Figure 4F"
"p[35]1",0.470402943,0.0546255846243363,0.36392485,0.578127375,0.999568962783767,2315.94749153909,"grubb li target loc - Figure 4F"
"p[36]1",0.742778266,0.0465570952805663,0.64970745,0.826114525,1.00118850515686,3111.60930774385,"grubb li target loc - Figure 4F"
"p[37]1",0.529963787,0.0530442572547441,0.4277987,0.633247225,1.00353191194974,2401.38368034567,"grubb li target loc - Figure 4F"
"p[38]1",0.670643232,0.0514540344195885,0.5649272,0.766699625,1.00384701372825,2529.82695958623,"grubb li target loc - Figure 4F"
"p[39]1",0.541789386,0.0550744874009485,0.434950125,0.649088875,1.00304263795056,3163.40212761116,"grubb li target loc - Figure 4F"
"p[40]1",0.2110508006,0.0439809644078387,0.130173,0.303659175,1.0004611882576,2460.15774341369,"grubb li target loc - Figure 4F"
"p[41]1",0.788215014,0.0463754132016915,0.69104315,0.87127255,1.00005649351734,2450.15883579419,"grubb li target loc - Figure 4F"
"p[42]1",0.447522999,0.0567236379117822,0.333559675,0.553528525,1.00212639936636,2853.7094725422,"grubb li target loc - Figure 4F"
"p[43]1",0.4723812475,0.0521821439457372,0.3719644,0.57631915,1.00054623384357,2370.18029809432,"grubb li target loc - Figure 4F"
"p[44]1",0.7183248525,0.0475358103491938,0.62293305,0.804167325,1.00083003861043,2448.32797302705,"grubb li target loc - Figure 4F"
"p[45]1",0.8948519135,0.0340378263463049,0.819613725,0.950984575,1.00071228434744,2771.02592980109,"grubb li target loc - Figure 4F"
"p[46]1",0.8351803895,0.0399229354616332,0.74878785,0.904249675,1.00081056338397,3344.02294700852,"grubb li target loc - Figure 4F"
"p[47]1",0.612824949,0.0510590566938485,0.50767165,0.712501125,0.99949828981395,2407.11912869262,"grubb li target loc - Figure 4F"
"p[48]1",0.730874645,0.0448005108554515,0.638603175,0.811327875,1.0019847970045,2868.26573423036,"grubb li target loc - Figure 4F"
"p[49]1",0.8840852855,0.0352622372247712,0.807371625,0.94309655,1.0005015227834,3146.63852691418,"grubb li target loc - Figure 4F"
"p[50]1",0.21198141075,0.04355244468685,0.13385735,0.3035034,0.999936142317144,2809.1190457288,"grubb li target loc - Figure 4F"
"p[51]1",0.402558884,0.0528102092416856,0.298761525,0.506300375,1.0007449819189,2831.60573834642,"grubb li target loc - Figure 4F"
"p[52]1",0.6356957405,0.0507336217195712,0.53719685,0.73337135,0.999040512997396,3394.97810907784,"grubb li target loc - Figure 4F"
"p[53]1",0.681625784,0.0499743823330626,0.5842524,0.776150525,0.999081419720085,3654.47605717683,"grubb li target loc - Figure 4F"
"p[54]1",0.7751600685,0.0459647836987627,0.6799218,0.861486675,1.00704976343022,2403.30444670665,"grubb li target loc - Figure 4F"
"p[55]1",0.682823121,0.0511902883354088,0.583698425,0.778999975,1.00462131881738,4240.26827998501,"grubb li target loc - Figure 4F"
"p[56]1",0.658152565,0.0517868558408185,0.5550426,0.757262975,0.99948630907649,2609.35272307374,"grubb li target loc - Figure 4F"
"p[57]1",0.292348372,0.0509471490287503,0.19776405,0.398475925,1.00358788280267,2642.91582372941,"grubb li target loc - Figure 4F"
"p[58]1",0.352711511,0.0506795935036157,0.25870195,0.45216265,1.00321167425631,2868.93899020931,"grubb li target loc - Figure 4F"
"p[59]1",0.7534203895,0.0448962833416948,0.665677975,0.83320265,1.00000605782237,2963.22906598967,"grubb li target loc - Figure 4F"
"p[60]1",0.11635080055,0.0350345291782194,0.0593691975,0.19456605,1.00107422007104,1892.56700223509,"grubb li target loc - Figure 4F"
"p[61]1",0.872152983,0.0358805305425759,0.79384605,0.931271475,1.00135964090993,2609.98045493299,"grubb li target loc - Figure 4F"
"p[62]1",0.3176378065,0.0498028220857805,0.22602725,0.419210475,1.00035559620121,3071.00255680881,"grubb li target loc - Figure 4F"
"p[63]1",0.3754863585,0.0502985513605557,0.2805968,0.474991475,1.00100902197148,2240.20039535957,"grubb li target loc - Figure 4F"
"p[64]1",0.599206429,0.0532304409962878,0.49690365,0.701754775,1.00212354032795,2181.84396377805,"grubb li target loc - Figure 4F"
"p[65]1",0.3881024635,0.0532020026900941,0.286896775,0.49933575,0.999669773459361,3340.90845610648,"grubb li target loc - Figure 4F"
"p[66]1",0.3070716415,0.0508914250091969,0.2109817,0.40532925,1.00073236629507,2449.30858713699,"grubb li target loc - Figure 4F"
"p[67]1",0.7282118975,0.0475971293938643,0.63147905,0.81633985,1.00245953391685,2346.57525093778,"grubb li target loc - Figure 4F"
"p[68]1",0.5293128665,0.0536622753708661,0.421115425,0.632717125,1.00075183043001,2547.29761790884,"grubb li target loc - Figure 4F"
"p[69]1",0.9082116755,0.0319439608244622,0.83817595,0.9605524,1.00010301408005,2481.21088732593,"grubb li target loc - Figure 4F"
"p[70]1",0.588288284,0.0525282930906559,0.488942125,0.69196565,1.00187268262305,2804.86138821615,"grubb li target loc - Figure 4F"
"p[71]1",0.577605904,0.0523771221462667,0.471417775,0.68118075,1.00211978832568,2950.51059056482,"grubb li target loc - Figure 4F"
"p[72]1",0.78851722,0.0433538914813409,0.6999037,0.8668967,1.00030422266514,2991.75239286925,"grubb li target loc - Figure 4F"
"p[73]",0.739893341,0.0467222957589973,0.643733125,0.82564285,1.00151625906426,2814.29774332619,"grubb li target loc - Figure 4F"
"p[74]",0.422544325,0.0530085137126234,0.324106325,0.528773025,1.00048117431353,2952.04377508321,"grubb li target loc - Figure 4F"
"p[75]",0.811865101,0.042060301658507,0.725387375,0.887567875,1.00361163450673,2371.70829149278,"grubb li target loc - Figure 4F"
"p[76]",0.6600980105,0.0517977230805135,0.557196525,0.757256225,1.00141762144702,3313.57245016967,"grubb li target loc - Figure 4F"
"p[77]",0.234948625,0.045037769114453,0.15169095,0.326760325,0.998775997552753,2881.23923423439,"grubb li target loc - Figure 4F"
"p[78]",0.376570597,0.0526579025550423,0.275753525,0.4835089,1.00470834337513,3084.6898218963,"grubb li target loc - Figure 4F"
"p[79]",0.6710496545,0.0514741590229183,0.5650873,0.7694396,0.999798247642131,2446.75639366156,"grubb li target loc - Figure 4F"
"p[80]",0.729107887,0.0467858326281106,0.63351375,0.81791,1.00390983172501,2844.72252527528,"grubb li target loc - Figure 4F"
"p[81]",0.4699811845,0.0523580066269184,0.370205775,0.5750948,1.00041113321791,2352.81870048173,"grubb li target loc - Figure 4F"
"p[82]",0.3768776275,0.0512740532820424,0.2788242,0.482592525,1.00181774538221,3029.41224190384,"grubb li target loc - Figure 4F"
"p[83]",0.751264704,0.0465605017249903,0.654773575,0.8364393,1.00216116420173,2825.11689037068,"grubb li target loc - Figure 4F"
"p[84]",0.6342219665,0.0517830006100116,0.532842325,0.729800275,0.999335128938489,2431.98009268798,"grubb li target loc - Figure 4F"
"p[85]",0.6358631035,0.0516144742368665,0.527450875,0.73419005,1.00557564107479,4086.59596198774,"grubb li target loc - Figure 4F"
"p[86]",0.7404040425,0.04806875851605,0.639903025,0.8254866,1.00167032859161,3713.55602549191,"grubb li target loc - Figure 4F"
"p[87]",0.718452465,0.050043854805677,0.617493275,0.80936585,1.00232601836683,3545.87622562304,"grubb li target loc - Figure 4F"
"p[88]",0.7296488545,0.0477388449953922,0.62865615,0.818724675,1.00698291051254,2879.57822925051,"grubb li target loc - Figure 4F"
"p[89]",0.624795092,0.0511445314330211,0.527202475,0.721403525,0.99986740604816,2999.78045064557,"grubb li target loc - Figure 4F"
"p[90]",0.566887308,0.0548362939093352,0.45363905,0.668158725,1.00034952369307,2174.92801612337,"grubb li target loc - Figure 4F"
"p[91]",0.22361033355,0.0433729732183588,0.146736225,0.314075875,1.00049255682814,3112.74865755742,"grubb li target loc - Figure 4F"
"p[92]",0.7770055465,0.0447904311454348,0.6854313,0.860809375,1.00207000557959,2979.06043348047,"grubb li target loc - Figure 4F"
"p[93]",0.836943464,0.0396928415156625,0.751372875,0.909096575,1.0055220556576,2587.91384893946,"grubb li target loc - Figure 4F"
"p[94]",0.4009977095,0.0520722960188088,0.298509825,0.50206425,1.0017631081434,2731.64869419507,"grubb li target loc - Figure 4F"
"p[95]",0.824401627,0.0423512681754148,0.73227965,0.897912125,1.00048643738228,3172.48729224003,"grubb li target loc - Figure 4F"
"p[96]",0.810971348,0.0421023270619917,0.719779125,0.886029175,1.00351404487405,3059.16873485181,"grubb li target loc - Figure 4F"
"p[97]",0.870560373,0.0352683482561663,0.795575375,0.932135,1.00175216391174,2324.35915139613,"grubb li target loc - Figure 4F"
"a1",2.89298177,0.416439652995798,2.138376,3.7122175,1.00259109549495,1121.55208213643,"grubb li target loc - Figure 4F"
"b1",1.917368525,0.263925065113702,1.4499275,2.447856,1.00465512013056,1109.97426957712,"grubb li target loc - Figure 4F"
"p[1]2",0.1869464697,0.0344929993913408,0.1229975,0.259096775,1.00375308046205,2466.62464967376,"grubb li distractor loc - Figure 5D"
"p[2]2",0.1949100101,0.0342532916474324,0.1323161,0.270133825,1.00103179177589,2496.14377080276,"grubb li distractor loc - Figure 5D"
"p[3]2",0.211101241,0.0369320293589345,0.143916025,0.2891731,0.999831447332765,2273.49365418448,"grubb li distractor loc - Figure 5D"
"p[4]2",0.17782212995,0.0351641765386286,0.115253325,0.2520207,1.00386497203074,3335.86222254165,"grubb li distractor loc - Figure 5D"
"p[5]2",0.2354413575,0.0399366384438374,0.164390775,0.3218928,1.0013476302156,2298.29444415421,"grubb li distractor loc - Figure 5D"
"p[6]2",0.1954318078,0.0375109797824586,0.12687145,0.2744242,1.00265440488018,2605.19393082608,"grubb li distractor loc - Figure 5D"
"p[7]2",0.211031239,0.0375247788839458,0.144869375,0.28896755,1.00374005034152,2654.33667064611,"grubb li distractor loc - Figure 5D"
"p[8]2",0.18843155345,0.0346941354842377,0.126400325,0.257886325,1.00189778183867,3094.48279263496,"grubb li distractor loc - Figure 5D"
"p[9]2",0.228375067,0.0385381692499667,0.158097625,0.3118706,1.00096561487287,2389.23969271559,"grubb li distractor loc - Figure 5D"
"p[10]2",0.1957086812,0.0362374633787239,0.1288327,0.26868135,1.00263962038477,2909.72559830654,"grubb li distractor loc - Figure 5D"
"p[11]2",0.219156709,0.0381793647367157,0.148375225,0.296958025,1.00334916344849,2485.04904434692,"grubb li distractor loc - Figure 5D"
"p[12]2",0.22603151,0.0366216573548988,0.1599798,0.29990305,1.00251073338971,2503.85465828043,"grubb li distractor loc - Figure 5D"
"p[13]2",0.203311204,0.0359596609388743,0.137333575,0.279574125,1.00208570355519,3463.7253221875,"grubb li distractor loc - Figure 5D"
"p[14]2",0.17106726095,0.0351749400894619,0.106950675,0.2438602,1.00055700271441,2634.71808118273,"grubb li distractor loc - Figure 5D"
"p[15]2",0.16985616795,0.0355925446401747,0.10434265,0.242157275,1.00164130106282,2303.21724063721,"grubb li distractor loc - Figure 5D"
"p[16]2",0.2110380445,0.0394379273518801,0.140101425,0.29278075,1.00299078194145,3224.95746663285,"grubb li distractor loc - Figure 5D"
"p[17]2",0.17058562065,0.0338380216672774,0.107674475,0.2405217,1.00437882122669,2510.51037600206,"grubb li distractor loc - Figure 5D"
"p[18]2",0.1709849317,0.0342602371453991,0.109229275,0.242988,1.00056476138559,2707.31776165654,"grubb li distractor loc - Figure 5D"
"p[19]2",0.18788942165,0.0346465911379575,0.125786625,0.26083535,1.00238155859246,3251.68174271973,"grubb li distractor loc - Figure 5D"
"p[20]2",0.1946475191,0.034931615523347,0.129501575,0.2703296,1.00071276419046,3023.23754936845,"grubb li distractor loc - Figure 5D"
"p[21]2",0.1714836287,0.0349466845313721,0.1092724,0.23942815,0.999984396917462,3027.56319263015,"grubb li distractor loc - Figure 5D"
"p[22]2",0.16996224995,0.0336649640467058,0.1077206,0.2390301,1.00066180213412,2861.16693241396,"grubb li distractor loc - Figure 5D"
"p[23]2",0.15448719485,0.0341406033565402,0.094341445,0.2264704,1.00472136983129,2139.27735334886,"grubb li distractor loc - Figure 5D"
"p[24]2",0.17089734665,0.0351202491150782,0.10626695,0.2458107,1.00140200234266,3464.45047316429,"grubb li distractor loc - Figure 5D"
"p[25]2",0.17931333735,0.0354763483940207,0.115939275,0.251382175,1.00218044343368,2831.08177433909,"grubb li distractor loc - Figure 5D"
"p[26]2",0.17863948285,0.0333983321375944,0.115092825,0.2503165,1.00365239576822,2878.95785628912,"grubb li distractor loc - Figure 5D"
"p[27]2",0.17884849165,0.0345917748107368,0.113807575,0.248355775,1.00208519871819,2644.74265186931,"grubb li distractor loc - Figure 5D"
"p[28]2",0.218492137,0.0371364264569469,0.149006,0.295186525,1.0007863049574,2835.44489129817,"grubb li distractor loc - Figure 5D"
"p[29]2",0.22676771,0.0378914407938074,0.159056125,0.30772385,0.999207803280627,2326.94480821027,"grubb li distractor loc - Figure 5D"
"p[30]2",0.1790422688,0.0338743353176831,0.116999075,0.246920675,1.00971386005605,3060.37830671946,"grubb li distractor loc - Figure 5D"
"p[31]2",0.201402277,0.0355456528767652,0.13703305,0.2764154,1.00025077733128,3107.53439830602,"grubb li distractor loc - Figure 5D"
"p[32]2",0.19592751555,0.0363646733098873,0.12977195,0.272409925,1.00004543259008,2476.58668029818,"grubb li distractor loc - Figure 5D"
"p[33]2",0.17089649635,0.0337193180175677,0.1088016,0.237487425,1.00037297729094,2286.29439260774,"grubb li distractor loc - Figure 5D"
"p[34]2",0.227266018,0.0386801186780644,0.158286525,0.306338075,1.00490987704994,2154.70208292097,"grubb li distractor loc - Figure 5D"
"p[35]2",0.20182660295,0.0364908536505145,0.1372188,0.2797022,1.0024082437548,2495.71617297348,"grubb li distractor loc - Figure 5D"
"p[36]2",0.17737247165,0.0347282506577325,0.114470625,0.2532725,1.00186816704311,2571.77832270554,"grubb li distractor loc - Figure 5D"
"p[37]2",0.2364655105,0.0391704135924475,0.16748985,0.316375875,1.00094582439432,2246.47260063587,"grubb li distractor loc - Figure 5D"
"p[38]2",0.19441395465,0.0349377935240248,0.12939105,0.26690705,1.00063744437336,3901.95143846989,"grubb li distractor loc - Figure 5D"
"p[39]2",0.18637968905,0.0357762722231441,0.119074975,0.25940805,0.999757244128282,2224.29935766395,"grubb li distractor loc - Figure 5D"
"p[40]2",0.1787653165,0.0343766150738047,0.11423935,0.2516777,1.00005027556692,2693.09699340196,"grubb li distractor loc - Figure 5D"
"p[41]2",0.1792139846,0.0351882766038125,0.115008725,0.256538675,1.00125477216171,2178.06205290201,"grubb li distractor loc - Figure 5D"
"p[42]2",0.17031542375,0.0333041583181966,0.1084288,0.237298875,1.00559645278085,3293.64680924775,"grubb li distractor loc - Figure 5D"
"p[43]2",0.1874926421,0.0335193355966771,0.12742515,0.258068625,1.00117953993382,2173.30689920911,"grubb li distractor loc - Figure 5D"
"p[44]2",0.2196360105,0.0377513533802752,0.151093975,0.296498725,1.00009225158359,2918.55169554288,"grubb li distractor loc - Figure 5D"
"p[45]2",0.2349596535,0.0384150559556208,0.16501735,0.314796575,1.00039401930281,2053.5749362105,"grubb li distractor loc - Figure 5D"
"p[46]2",0.219073921,0.0380010661801768,0.152922825,0.300088,1.00196234145955,2460.24798977372,"grubb li distractor loc - Figure 5D"
"p[47]2",0.187587221,0.0345603407773923,0.124147225,0.25987925,1.00169855467629,2462.5348204524,"grubb li distractor loc - Figure 5D"
"p[48]2",0.18683692235,0.0353294691256729,0.122229275,0.26165975,1.00265385230592,2946.28834072332,"grubb li distractor loc - Figure 5D"
"p[49]2",0.1630867353,0.032874170753487,0.105267875,0.2328545,1.00140437972914,2674.93657777737,"grubb li distractor loc - Figure 5D"
"p[50]2",0.1791638515,0.0353264282629604,0.115298125,0.25298165,1.00094693818512,2647.3198286619,"grubb li distractor loc - Figure 5D"
"p[51]2",0.1629673025,0.0346357507743335,0.0999961225,0.2355934,1.00137044268954,2173.15351320898,"grubb li distractor loc - Figure 5D"
"p[52]2",0.16251447655,0.0345187126911883,0.0979828975,0.233508275,1.0016251747137,2779.34128568601,"grubb li distractor loc - Figure 5D"
"p[53]2",0.18646600465,0.0348155501841983,0.1225215,0.258584675,1.00038395454767,2610.61891344966,"grubb li distractor loc - Figure 5D"
"p[54]2",0.2264834295,0.0363077666820991,0.1582586,0.299358675,1.00006858453077,2120.1380959361,"grubb li distractor loc - Figure 5D"
"p[55]2",0.19490715005,0.0358008819590517,0.127572225,0.270721575,1.0021155387353,2265.74862297978,"grubb li distractor loc - Figure 5D"
"p[56]2",0.1703537452,0.0327388621892333,0.1086782,0.237896475,1.00182802287457,3068.41687108658,"grubb li distractor loc - Figure 5D"
"p[57]2",0.17047903295,0.0324281935544569,0.1108109,0.2397436,1.00016228215286,2702.0497511608,"grubb li distractor loc - Figure 5D"
"p[58]2",0.1953538585,0.0336927346206951,0.133788575,0.264698025,0.999811830110504,2523.90520384482,"grubb li distractor loc - Figure 5D"
"p[59]2",0.195888023,0.0352451954486221,0.13437365,0.27315655,1.00065540632464,2379.87096512123,"grubb li distractor loc - Figure 5D"
"p[60]2",0.1627029229,0.0339632727381993,0.0991661025,0.232541325,1.00054872746102,2420.00648640572,"grubb li distractor loc - Figure 5D"
"p[61]2",0.20351592115,0.0351747479724346,0.141263925,0.2764354,1.00571518272764,2189.71145389681,"grubb li distractor loc - Figure 5D"
"p[62]2",0.17926005375,0.0355220115049043,0.113955375,0.253033925,1.00014699437766,2984.10258907061,"grubb li distractor loc - Figure 5D"
"p[63]2",0.17097618705,0.035246192764398,0.106293425,0.24253715,1.00047087922245,2625.67550086204,"grubb li distractor loc - Figure 5D"
"p[64]2",0.17151122865,0.0347554005185495,0.108003775,0.242943575,1.00465599469965,2726.35557490534,"grubb li distractor loc - Figure 5D"
"p[65]2",0.1538532154,0.0317216453782947,0.0968157175,0.217586625,1.00203147701292,1766.63366413719,"grubb li distractor loc - Figure 5D"
"p[66]2",0.20148807375,0.036262268193991,0.138115725,0.2746715,1.00231795490205,2854.60744778251,"grubb li distractor loc - Figure 5D"
"p[67]2",0.17943540795,0.0350294602540474,0.1131595,0.251152275,1.00598013919438,2205.59473343477,"grubb li distractor loc - Figure 5D"
"p[68]2",0.21063523625,0.0372297805084205,0.14233015,0.286467325,1.00465777152616,2332.33478171591,"grubb li distractor loc - Figure 5D"
"p[69]2",0.2183043915,0.0370824420378968,0.149674775,0.297420625,1.00116707972775,2623.46220874389,"grubb li distractor loc - Figure 5D"
"p[70]2",0.2192964665,0.0365899582349816,0.153459725,0.297141375,0.999018703454113,2656.22527013356,"grubb li distractor loc - Figure 5D"
"p[71]2",0.202285578,0.0352704622471336,0.137657875,0.280670125,1.00416962712714,2421.07129858423,"grubb li distractor loc - Figure 5D"
"p[72]2",0.2112602271,0.0387200715012612,0.143958675,0.29678585,1.00228524775268,2729.50922121158,"grubb li distractor loc - Figure 5D"
"p[73]1",0.203270929,0.0371461147165114,0.13631085,0.280429825,1.00286175510997,2769.31094178634,"grubb li distractor loc - Figure 5D"
"p[74]1",0.16298777595,0.0330256901551354,0.101903975,0.23105055,1.00171184412049,2552.5049443515,"grubb li distractor loc - Figure 5D"
"p[75]1",0.1623423238,0.0332020367849723,0.102094425,0.230832025,1.00152141816506,2064.46838280523,"grubb li distractor loc - Figure 5D"
"p[76]1",0.2426211465,0.0394250621009513,0.171405725,0.324682325,1.00522896004755,2173.63016086618,"grubb li distractor loc - Figure 5D"
"p[77]1",0.1628690178,0.0332379543620479,0.102855175,0.23144305,1.00448221377785,1687.37762821845,"grubb li distractor loc - Figure 5D"
"p[78]1",0.226915778,0.0388267118889788,0.153658825,0.3102925,1.00115570041523,2582.75251179,"grubb li distractor loc - Figure 5D"
"p[79]1",0.19546754395,0.0353340614831322,0.131126425,0.2710468,1.00529547624895,3305.99219147747,"grubb li distractor loc - Figure 5D"
"p[80]1",0.1944879806,0.0369927441886189,0.126399175,0.269980875,1.00158229212991,3212.02514704652,"grubb li distractor loc - Figure 5D"
"p[81]1",0.1629401162,0.033991650154352,0.0983242625,0.238378625,1.00066032970086,2346.60896886886,"grubb li distractor loc - Figure 5D"
"p[82]1",0.1944130439,0.0346889558386287,0.12897415,0.266688975,1.00037329008589,3509.43615272753,"grubb li distractor loc - Figure 5D"
"p[83]1",0.2119090035,0.0391617975048566,0.14091825,0.2951924,1.00291290363949,3025.96385643284,"grubb li distractor loc - Figure 5D"
"p[84]1",0.1943996779,0.0357918713266061,0.1311003,0.2727981,1.00093502795067,3210.8994437969,"grubb li distractor loc - Figure 5D"
"p[85]1",0.18664744665,0.0351104452284631,0.123284525,0.2624118,1.0018994092553,2873.24082246096,"grubb li distractor loc - Figure 5D"
"p[86]1",0.17900265445,0.0353412321401309,0.116541075,0.25537435,1.00190822483383,2386.90550249197,"grubb li distractor loc - Figure 5D"
"p[87]1",0.1782477863,0.0328699650890945,0.118422675,0.24641225,1.00006468769191,2417.55069317219,"grubb li distractor loc - Figure 5D"
"p[88]1",0.1867098429,0.0339407055614591,0.1256243,0.25857295,1.00327273145447,2725.22050330474,"grubb li distractor loc - Figure 5D"
"p[89]1",0.2105718815,0.0365003588690885,0.143004925,0.289883425,1.00318385201459,2543.54303626052,"grubb li distractor loc - Figure 5D"
"p[90]1",0.14694203945,0.0334185986847195,0.0825453075,0.214756725,1.00512798133789,1990.92143391277,"grubb li distractor loc - Figure 5D"
"p[91]1",0.19513692255,0.0354916792809342,0.13068945,0.268454675,1.00051030560868,2523.31987918839,"grubb li distractor loc - Figure 5D"
"p[92]1",0.19563861915,0.0355453221331449,0.133276675,0.2696945,1.00140021433946,3443.02384050094,"grubb li distractor loc - Figure 5D"
"p[93]1",0.20356452255,0.0375456904071821,0.13529115,0.2806767,1.00972546855456,2604.25374326932,"grubb li distractor loc - Figure 5D"
"p[94]1",0.1868138894,0.0346349010470703,0.123436675,0.25669245,1.00025952436518,3927.22305556133,"grubb li distractor loc - Figure 5D"
"p[95]1",0.2035044405,0.0366951361774282,0.1361036,0.282163275,0.99946532315896,3010.39947363399,"grubb li distractor loc - Figure 5D"
"p[96]1",0.20385950715,0.0368039124721897,0.1380322,0.280404975,1.00164572451794,3016.97304199403,"grubb li distractor loc - Figure 5D"
"p[97]1",0.2360887245,0.0396052218079362,0.1662664,0.325368325,1.00124269418529,2010.0203635189,"grubb li distractor loc - Figure 5D"
"a2",17.15371172,5.08348462980116,9.39927825,28.8156825,1.00417714817683,442.399420985461,"grubb li distractor loc - Figure 5D"
"b2",71.967297,21.3522639531785,38.97342,122.106125,1.00455722170624,447.888220056465,"grubb li distractor loc - Figure 5D"
"p[1]3",0.17375622355,0.0255724198762298,0.124854125,0.2242325,1.00231481686277,2886.15075450965,"massa distractor loc - Figure 5B"
"p[2]3",0.199404933,0.0287794673785636,0.146357925,0.26002505,1.00371327206329,2555.43205287162,"massa distractor loc - Figure 5B"
"p[3]3",0.203997414,0.0293440211988859,0.149487875,0.2652124,0.999598431379776,2776.63562758591,"massa distractor loc - Figure 5B"
"p[4]3",0.2058673485,0.0293476073461282,0.152553475,0.265558325,1.00166400065739,2996.18050075849,"massa distractor loc - Figure 5B"
"p[5]3",0.200979445,0.0291503310453587,0.1480377,0.2611406,1.00834923893539,2561.44299206886,"massa distractor loc - Figure 5B"
"p[6]3",0.204774712,0.0307205074044953,0.14812975,0.2667442,1.00515387619593,2356.93272239941,"massa distractor loc - Figure 5B"
"p[7]3",0.194753348,0.0287963587217327,0.143081075,0.256419375,1.00175906768339,3713.90502997495,"massa distractor loc - Figure 5B"
"p[8]3",0.189672683,0.027588937805652,0.139345625,0.246120075,1.00118319866579,2924.13279071562,"massa distractor loc - Figure 5B"
"p[9]3",0.2002099525,0.0292275883372757,0.1446326,0.2609624,1.00117743280505,3173.74406529383,"massa distractor loc - Figure 5B"
"p[10]3",0.1998481145,0.0287332486055633,0.145129275,0.258914525,1.00061335063364,3617.3352135546,"massa distractor loc - Figure 5B"
"p[11]3",0.2097046505,0.0302936444050401,0.149010375,0.2723864,1.00468560864003,2355.5015769249,"massa distractor loc - Figure 5B"
"p[12]3",0.1895484665,0.0280307210722235,0.137109725,0.243878575,1.00105756916261,2485.02957871103,"massa distractor loc - Figure 5B"
"p[13]3",0.194433023,0.0299639862356803,0.139586175,0.255405575,0.999665618077418,2845.73053607994,"massa distractor loc - Figure 5B"
"p[14]3",0.18931514005,0.0273530033498667,0.139218375,0.245506925,0.999705315293692,2650.53151583366,"massa distractor loc - Figure 5B"
"p[15]3",0.199892926,0.0284167812246762,0.147767325,0.259985425,1.00315923412419,3373.26740570786,"massa distractor loc - Figure 5B"
"p[16]3",0.220802401,0.0298346996695356,0.1645793,0.2816044,1.00597616111012,2985.3708233073,"massa distractor loc - Figure 5B"
"p[17]3",0.1937914215,0.0282017212688357,0.14143445,0.24898825,1.00284945199758,2363.4440517669,"massa distractor loc - Figure 5B"
"p[18]3",0.16290842865,0.0278484185134466,0.109335775,0.221106475,1.00034909640155,3079.50570022195,"massa distractor loc - Figure 5B"
"p[19]3",0.1941428225,0.02815385044532,0.14226205,0.24956865,1.00360257459507,3070.64798278999,"massa distractor loc - Figure 5B"
"p[20]3",0.1844896515,0.0275600833871235,0.1329602,0.2401915,1.00621729186567,2460.02607829273,"massa distractor loc - Figure 5B"
"p[21]3",0.1530756832,0.0270526527788231,0.1029331,0.2064004,1.00369305622025,2002.81238753722,"massa distractor loc - Figure 5B"
"p[22]3",0.1907480203,0.0289513554875232,0.1376721,0.248833025,1.00276516668858,2413.74580150956,"massa distractor loc - Figure 5B"
"p[23]3",0.2104153445,0.0287923085034233,0.154359975,0.2694586,1.00042693082118,3083.91940686894,"massa distractor loc - Figure 5B"
"p[24]3",0.2101672525,0.0294258572355466,0.15573085,0.272794775,1.00035197565946,3743.52365678226,"massa distractor loc - Figure 5B"
"p[25]3",0.205467761,0.0293615379557073,0.14911025,0.26446775,1.00360397590759,3540.64837420014,"massa distractor loc - Figure 5B"
"p[26]3",0.16930081065,0.0273818779603111,0.1177971,0.2247878,1.00627486395697,2673.11976487817,"massa distractor loc - Figure 5B"
"p[27]3",0.188961776,0.0273847216951713,0.1375564,0.244252525,1.00473332376414,2938.1008249204,"massa distractor loc - Figure 5B"
"p[28]3",0.178162181,0.0276392810287484,0.127156125,0.236205225,1.00900133590554,2538.57718604535,"massa distractor loc - Figure 5B"
"p[29]3",0.20946142,0.0302551326555942,0.15445255,0.2733682,1.00058191406745,2639.63107353766,"massa distractor loc - Figure 5B"
"p[30]3",0.225210095,0.0306348416189881,0.168897375,0.2882577,1.00042655007834,2317.98608478969,"massa distractor loc - Figure 5B"
"p[31]3",0.2252432955,0.0304096745978768,0.16772835,0.2874803,1.00089217678046,3043.33541174006,"massa distractor loc - Figure 5B"
"p[32]3",0.23197492,0.032147323905245,0.1744614,0.2998472,1.0002182678955,2402.62531700529,"massa distractor loc - Figure 5B"
"p[33]3",0.2310239235,0.0318621071792121,0.17233825,0.2945243,1.00242439765174,2771.4820647398,"massa distractor loc - Figure 5B"
"p[34]3",0.1589447727,0.0285538466714873,0.106632625,0.2152495,1.00243358701575,2426.01415194044,"massa distractor loc - Figure 5B"
"p[35]3",0.2099862795,0.0298030977618515,0.15349505,0.272462925,1.00021954169678,3497.89683277487,"massa distractor loc - Figure 5B"
"p[36]3",0.1997253655,0.0287927234683917,0.14454345,0.259003,1.00406455707051,2348.09750801694,"massa distractor loc - Figure 5B"
"p[37]3",0.194063894,0.0280816872728084,0.142483425,0.251084675,1.00322834741985,2472.44629627968,"massa distractor loc - Figure 5B"
"p[38]3",0.18431743195,0.0271880205755003,0.13349135,0.240399475,1.00438442997582,2345.87352792797,"massa distractor loc - Figure 5B"
"p[39]3",0.195092556,0.0282669463198979,0.1402544,0.253289025,1.00330582949311,2508.00141015555,"massa distractor loc - Figure 5B"
"p[40]3",0.20015909,0.0291039688303458,0.14364475,0.2596145,1.00259948709991,3063.54314614331,"massa distractor loc - Figure 5B"
"p[41]3",0.225588016,0.0305191277382512,0.17158385,0.2905326,1.00345405735477,2076.94321344254,"massa distractor loc - Figure 5B"
"p[42]3",0.1946008015,0.0291817977026378,0.13972725,0.253421625,1.00100858942426,2989.8785436686,"massa distractor loc - Figure 5B"
"p[43]3",0.168148878,0.0277107009893053,0.1163434,0.2271266,1.00207004653264,1890.15393479054,"massa distractor loc - Figure 5B"
"p[44]3",0.2005278015,0.0295520489917518,0.14701505,0.260728025,1.00048173950387,2603.23778543477,"massa distractor loc - Figure 5B"
"p[45]3",0.2311295885,0.0314256256325211,0.17022955,0.297172175,0.9993336924323,2678.31324870658,"massa distractor loc - Figure 5B"
"p[46]3",0.2043212215,0.0280884869184355,0.15402105,0.261907825,1.00028363178948,2781.66961224928,"massa distractor loc - Figure 5B"
"p[47]3",0.230443424,0.0310661907650189,0.17578115,0.29290255,1.0032467910896,2639.21093976363,"massa distractor loc - Figure 5B"
"p[48]3",0.1687676899,0.0271949922870361,0.11832185,0.2277137,1.00250293997324,2103.10570671745,"massa distractor loc - Figure 5B"
"p[49]3",0.2516118985,0.0318200303538676,0.19214745,0.316659,1.0035935235712,2337.85991014487,"massa distractor loc - Figure 5B"
"p[50]3",0.2160133255,0.0303704814952229,0.160487675,0.276157525,1.00849338120868,3640.7114125583,"massa distractor loc - Figure 5B"
"p[51]3",0.2102672215,0.0306964338425616,0.155547025,0.27308435,0.999761811898645,3790.13545669868,"massa distractor loc - Figure 5B"
"p[52]3",0.189433043,0.028896898007007,0.135190625,0.2462873,0.999718664704926,2618.78901664769,"massa distractor loc - Figure 5B"
"p[53]3",0.204664945,0.0287546506038006,0.15309935,0.2638493,1.00101814831026,3066.78430390545,"massa distractor loc - Figure 5B"
"p[54]3",0.1950246035,0.0292048172917039,0.140556125,0.25701015,0.999400677947948,3045.2658290832,"massa distractor loc - Figure 5B"
"p[55]3",0.184159785,0.0274927064846789,0.134179475,0.24048545,1.00365635607905,3221.42121498146,"massa distractor loc - Figure 5B"
"p[56]3",0.1892818635,0.0291490853421168,0.135525925,0.248678875,1.00055959210202,2584.63540504192,"massa distractor loc - Figure 5B"
"p[57]3",0.2263907125,0.0304985889367428,0.1703811,0.2893797,1.00249777220588,3325.56334028482,"massa distractor loc - Figure 5B"
"p[58]3",0.189015181,0.0285176647508287,0.1345784,0.24723935,1.0051256783319,3336.19060904698,"massa distractor loc - Figure 5B"
"p[59]3",0.2005227195,0.0270570478627537,0.1494446,0.255436275,1.00202682912871,2934.96330706169,"massa distractor loc - Figure 5B"
"p[60]3",0.2511692625,0.0325169286254131,0.191512175,0.31724155,0.999720149094326,1921.13424273097,"massa distractor loc - Figure 5B"
"p[61]3",0.2205519495,0.0293082966739098,0.163811075,0.2835055,1.0010834904037,3069.69486912412,"massa distractor loc - Figure 5B"
"p[62]3",0.1898316045,0.0302938522993469,0.1342002,0.253559725,1.00662089336503,2798.56939305237,"massa distractor loc - Figure 5B"
"p[63]3",0.1845011911,0.0283291356494621,0.132877625,0.242863475,1.00629295168149,3023.41783185066,"massa distractor loc - Figure 5B"
"p[64]3",0.16837819705,0.0264450144614152,0.11881505,0.222947025,1.00175399258906,2087.36073825194,"massa distractor loc - Figure 5B"
"p[65]3",0.215705088,0.0299963342062186,0.1596422,0.276491125,1.00101965120466,2635.18721316489,"massa distractor loc - Figure 5B"
"p[66]3",0.21505374,0.030361469938951,0.157256425,0.273604125,1.00151355228713,3438.025897776,"massa distractor loc - Figure 5B"
"p[67]3",0.18988643655,0.0279991663211187,0.136269175,0.2466864,1.00152738435946,2276.65407356053,"massa distractor loc - Figure 5B"
"p[68]3",0.1898814105,0.0293453161478097,0.135242375,0.251036425,1.00216477336696,3197.7620953292,"massa distractor loc - Figure 5B"
"p[69]3",0.2058748475,0.028853554646943,0.150952225,0.2672777,1.00039219907758,2966.4729263259,"massa distractor loc - Figure 5B"
"p[70]3",0.209377592,0.0296356737403684,0.151880725,0.268573475,1.00390562167405,2735.28528637843,"massa distractor loc - Figure 5B"
"p[71]3",0.18490490335,0.0273415576480641,0.13300825,0.240312625,1.00390988108484,2771.38522972847,"massa distractor loc - Figure 5B"
"p[72]3",0.17401670325,0.0290543503144393,0.1205241,0.236033725,1.00299795996075,2577.93159451038,"massa distractor loc - Figure 5B"
"a3",23.47428304,6.40740316160152,13.5957925,38.8618625,1.00354330930718,629.93085631194,"massa distractor loc - Figure 5B"
"b3",93.9826467,25.7354810870374,54.771325,153.507225,1.00290828248773,634.736174604257,"massa distractor loc - Figure 5B"
"p[1]4",0.1973332825,0.0188357999869734,0.162934575,0.2350187,1.00098498472812,3427.1339620296,"transfer learning distractor loc - Figure 6B"
"p[2]4",0.2132600195,0.0193743901513826,0.17756545,0.253328,1.00043976313678,3765.39506462002,"transfer learning distractor loc - Figure 6B"
"p[3]4",0.1998984565,0.020303784506706,0.161980875,0.241512025,1.00313363529559,3102.74836132867,"transfer learning distractor loc - Figure 6B"
"p[4]4",0.21155296,0.0202938097469258,0.17322225,0.25298375,1.00020137406368,4140.32264155797,"transfer learning distractor loc - Figure 6B"
"p[5]4",0.204210939,0.0185378589705739,0.167593525,0.240992475,1.00028527733437,3207.36826964852,"transfer learning distractor loc - Figure 6B"
"p[6]4",0.202570448,0.0189278389402163,0.167855075,0.241474025,1.0013103896925,4156.2942761387,"transfer learning distractor loc - Figure 6B"
"p[7]4",0.1880490215,0.0193556322122065,0.152744925,0.225156775,1.0045614592675,4324.08883056715,"transfer learning distractor loc - Figure 6B"
"p[8]4",0.1766798925,0.01829020599585,0.140693025,0.213416025,0.999931617245888,2952.48765633419,"transfer learning distractor loc - Figure 6B"
"p[9]4",0.2226359175,0.0200411278882754,0.185425725,0.262989275,1.00171255291859,3980.12044257162,"transfer learning distractor loc - Figure 6B"
"p[10]4",0.1771289655,0.0190002120686754,0.14087025,0.215615175,1.00194381858363,4015.41331545396,"transfer learning distractor loc - Figure 6B"
"p[11]4",0.202512463,0.0188429346439356,0.1664814,0.242393125,1.00216361865358,4036.64666549064,"transfer learning distractor loc - Figure 6B"
"p[12]4",0.222868352,0.0206533272337173,0.182590225,0.264831325,1.00078849720331,3670.68833927822,"transfer learning distractor loc - Figure 6B"
"p[13]4",0.2119885805,0.0197978326251347,0.17608195,0.25096565,1.00080138704991,3753.08821842475,"transfer learning distractor loc - Figure 6B"
"p[14]4",0.2071874675,0.0203478346747982,0.1691381,0.251271225,1.00271408593129,4250.54965392546,"transfer learning distractor loc - Figure 6B"
"p[15]4",0.2162101725,0.0198438309552676,0.17891885,0.25628675,1.00327132847946,4034.47145697618,"transfer learning distractor loc - Figure 6B"
"p[16]4",0.188263777,0.0189858614221805,0.151682425,0.225687775,1.00658132595387,3810.02028470265,"transfer learning distractor loc - Figure 6B"
"p[17]4",0.216434703,0.019758461981129,0.17802875,0.256164175,1.00095282279311,4981.3220160176,"transfer learning distractor loc - Figure 6B"
"p[18]4",0.1930476685,0.0186555150745284,0.15625675,0.228742,1.00126193259232,4603.48132740167,"transfer learning distractor loc - Figure 6B"
"p[19]4",0.2051204715,0.019436336708354,0.168363375,0.244312425,1.00172188851213,3463.30188690548,"transfer learning distractor loc - Figure 6B"
"p[20]4",0.206981667,0.0199947035134159,0.170604725,0.247190475,1.00036649509287,4648.57865408584,"transfer learning distractor loc - Figure 6B"
"p[21]4",0.1956802895,0.019522897388859,0.1595074,0.235779225,1.00230969853856,3728.82191586335,"transfer learning distractor loc - Figure 6B"
"p[22]4",0.176898683,0.019028805833689,0.140446225,0.21527495,1.00043816745293,4135.85104851109,"transfer learning distractor loc - Figure 6B"
"p[23]4",0.174752141,0.0179552776853074,0.140907175,0.211234475,0.999897212231708,4137.05013667233,"transfer learning distractor loc - Figure 6B"
"p[24]4",0.165293589,0.0187124728669269,0.129067825,0.20330595,1.00292799383843,4348.11797469856,"transfer learning distractor loc - Figure 6B"
"p[25]4",0.225489841,0.020636746102755,0.187041825,0.267429925,1.00336511603111,5868.05316609005,"transfer learning distractor loc - Figure 6B"
"p[26]4",0.18589271,0.0182220937307672,0.15139135,0.222761425,1.0012208208735,3678.02069417518,"transfer learning distractor loc - Figure 6B"
"p[27]4",0.188148007,0.0202209546708075,0.1504086,0.2298782,1.00420064709304,4170.25532493818,"transfer learning distractor loc - Figure 6B"
"p[28]4",0.223348873,0.0204756323534344,0.183597,0.2650737,0.99991444575936,4037.14709559181,"transfer learning distractor loc - Figure 6B"
"p[29]4",0.2112888215,0.0200072087921695,0.1717446,0.25212655,0.999899629000068,4236.10093742838,"transfer learning distractor loc - Figure 6B"
"p[30]4",0.1884311875,0.0184614895301592,0.152545275,0.2247234,1.00143901125557,3456.8745078486,"transfer learning distractor loc - Figure 6B"
"p[31]4",0.181603722,0.0192979058763463,0.144110775,0.21975165,0.999904886048941,3652.07047141808,"transfer learning distractor loc - Figure 6B"
"p[32]4",0.212088972,0.0192803999104938,0.175372375,0.252132675,1.00010917827342,3715.87654015617,"transfer learning distractor loc - Figure 6B"
"p[33]4",0.1929729585,0.0194929485820126,0.15569865,0.233298375,1.00225922358409,4453.21309734499,"transfer learning distractor loc - Figure 6B"
"p[34]4",0.1999721625,0.018606468486762,0.1654822,0.237893625,1.00250153651239,3533.80488029322,"transfer learning distractor loc - Figure 6B"
"p[35]4",0.2206015535,0.020072573941736,0.183010675,0.26255395,1.00008141518979,4756.74978534867,"transfer learning distractor loc - Figure 6B"
"p[36]4",0.1814001075,0.0184960731223797,0.146682375,0.2200842,1.00321546861756,4224.5828952196,"transfer learning distractor loc - Figure 6B"
"p[37]4",0.1831944915,0.0194314321778702,0.14655065,0.222302,1.00243850000754,4013.77292414687,"transfer learning distractor loc - Figure 6B"
"p[38]4",0.204825643,0.0194181619222255,0.1671708,0.2435561,1.00090884814426,4082.34623138623,"transfer learning distractor loc - Figure 6B"
"p[39]4",0.174733349,0.0183139085186044,0.14132615,0.2115072,1.00191252510477,3681.65086689199,"transfer learning distractor loc - Figure 6B"
"p[40]4",0.190485265,0.0193166114591019,0.154147325,0.229922075,1.00125122180025,3728.40364104777,"transfer learning distractor loc - Figure 6B"
"p[41]4",0.1931711785,0.0188171624408092,0.1572789,0.231842,1.00069205575969,3952.80247327712,"transfer learning distractor loc - Figure 6B"
"p[42]4",0.179251255,0.0178659820162419,0.144816175,0.215180275,1.00164169296733,3567.63114889466,"transfer learning distractor loc - Figure 6B"
"p[43]4",0.2114498255,0.0196288383934554,0.173624875,0.251794975,1.00259934875225,3667.7013441903,"transfer learning distractor loc - Figure 6B"
"p[44]4",0.183723019,0.0196916706636436,0.148013,0.224332125,0.999075528161404,4434.56364535644,"transfer learning distractor loc - Figure 6B"
"p[45]4",0.197895534,0.0192656914020609,0.160657875,0.235891925,0.999492576489825,4896.5706485936,"transfer learning distractor loc - Figure 6B"
"p[46]4",0.2047598205,0.0199937374610179,0.167606125,0.24490995,1.01260358362016,3164.3493586733,"transfer learning distractor loc - Figure 6B"
"p[47]4",0.236682092,0.0211947693867193,0.1957621,0.28176055,0.999913126947958,3241.48604800289,"transfer learning distractor loc - Figure 6B"
"p[48]4",0.190751276,0.0183668175499807,0.156238425,0.228873425,1.00291734050347,3277.10062528285,"transfer learning distractor loc - Figure 6B"
"p[49]4",0.1836635255,0.0177977880113625,0.150668125,0.220821125,1.00416484988645,3351.94590314683,"transfer learning distractor loc - Figure 6B"
"p[50]4",0.2116541295,0.0193205039316218,0.175591325,0.24899245,1.0033413852253,4569.61837043256,"transfer learning distractor loc - Figure 6B"
"p[51]4",0.1744128865,0.018261564554101,0.139390475,0.211610475,1.0034376921969,4339.12403133163,"transfer learning distractor loc - Figure 6B"
"p[52]4",0.172406073,0.0181287938636619,0.13790505,0.20885575,1.00176553161641,3602.43233285676,"transfer learning distractor loc - Figure 6B"
"p[53]4",0.2140727745,0.0190550322060036,0.178130875,0.2525434,1.00043635061388,4968.95158491558,"transfer learning distractor loc - Figure 6B"
"p[54]4",0.2095298545,0.0196365851682227,0.174385525,0.2495663,1.00041143923842,3654.00555268669,"transfer learning distractor loc - Figure 6B"
"p[55]4",0.174733637,0.0186386899643732,0.1382596,0.2114842,1.00579702416147,3602.34762605777,"transfer learning distractor loc - Figure 6B"
"p[56]4",0.2485449345,0.0210137564735764,0.20877315,0.289714375,1.00261981211226,2827.45729846043,"transfer learning distractor loc - Figure 6B"
"p[57]4",0.177225986,0.0190110664129839,0.139552625,0.21569185,1.00186067910819,3744.49386645812,"transfer learning distractor loc - Figure 6B"
"p[58]4",0.186127727,0.0180000630555138,0.1523529,0.2224596,1.00360183028454,4518.59061326893,"transfer learning distractor loc - Figure 6B"
"p[59]4",0.1936803315,0.0185628887246708,0.158636025,0.230686075,1.00434510521239,4049.64942936652,"transfer learning distractor loc - Figure 6B"
"p[60]4",0.172600245,0.0193313862117907,0.137308625,0.2127482,1.0028750035735,4606.6071921064,"transfer learning distractor loc - Figure 6B"
"p[61]4",0.2140157145,0.020723590837946,0.174270325,0.2563288,0.998962212221584,5030.50116504958,"transfer learning distractor loc - Figure 6B"
"p[62]4",0.195580033,0.0196737401078399,0.158147875,0.23631945,1.00371432839774,5514.46451743277,"transfer learning distractor loc - Figure 6B"
"p[63]4",0.2091551155,0.0196942829722754,0.1718843,0.249702675,1.00447924099305,5636.43460998961,"transfer learning distractor loc - Figure 6B"
"p[64]4",0.191251889,0.0185682678973574,0.1565393,0.228392725,1.0033223448522,3041.86834931939,"transfer learning distractor loc - Figure 6B"
"p[65]4",0.202285913,0.0195213145887532,0.1635315,0.2422258,1.00458998242597,3774.05577548202,"transfer learning distractor loc - Figure 6B"
"p[66]4",0.1880366295,0.0181609939885337,0.15407745,0.224037125,0.999253966328687,3698.60879963202,"transfer learning distractor loc - Figure 6B"
"p[67]4",0.2001140165,0.018646779513185,0.1650194,0.236280475,1.00924879537166,2986.19609399941,"transfer learning distractor loc - Figure 6B"
"p[68]4",0.1883254015,0.0190593527358264,0.152803825,0.227555675,1.00048848247125,3998.30873761503,"transfer learning distractor loc - Figure 6B"
"p[69]4",0.2508658825,0.0213758467334157,0.211543625,0.29481255,1.00378857391193,3255.94807504095,"transfer learning distractor loc - Figure 6B"
"p[70]4",0.232046549,0.0202999731745892,0.193234125,0.2721602,1.00373769934198,3472.52639355884,"transfer learning distractor loc - Figure 6B"
"p[71]4",0.2229927695,0.0200270417346569,0.1863851,0.263739875,1.00022845705849,3528.6547317998,"transfer learning distractor loc - Figure 6B"
"p[72]4",0.272318751,0.0220045455206597,0.230507125,0.316671425,1.01134710642334,3713.5805242113,"transfer learning distractor loc - Figure 6B"
"p[73]2",0.195413031,0.0181963213650905,0.1619588,0.232157325,1.00024598773314,4439.94775580259,"transfer learning distractor loc - Figure 6B"
"p[74]2",0.193310234,0.0189648891479344,0.156898775,0.2322069,1.00215614126789,3326.98546081269,"transfer learning distractor loc - Figure 6B"
"p[75]2",0.185818367,0.01845730168901,0.151429525,0.223118475,1.00150238877741,3708.02107991399,"transfer learning distractor loc - Figure 6B"
"p[76]2",0.200167152,0.0197990296328152,0.16191375,0.239772425,0.999825681463523,3742.78871364777,"transfer learning distractor loc - Figure 6B"
"p[77]2",0.183488781,0.0186817835465,0.1480711,0.2199294,1.00154735373147,4004.67684000525,"transfer learning distractor loc - Figure 6B"
"p[78]2",0.2161798395,0.0201972520817701,0.17887905,0.2564581,0.999777176291941,3608.20607558811,"transfer learning distractor loc - Figure 6B"
"p[79]2",0.1838102,0.0195851814876185,0.1464526,0.22257135,1.00005597502682,4213.79968025848,"transfer learning distractor loc - Figure 6B"
"p[80]2",0.190666876,0.0191428391369654,0.15428575,0.228922425,1.00834065139054,3596.12089018198,"transfer learning distractor loc - Figure 6B"
"p[81]2",0.2046810315,0.0184588793241209,0.170011375,0.24165715,1.00154091447912,3846.7703577074,"transfer learning distractor loc - Figure 6B"
"p[82]2",0.1981105195,0.0190046962095854,0.1622962,0.23604035,0.999206536930721,4566.98809476003,"transfer learning distractor loc - Figure 6B"
"p[83]2",0.1768149225,0.0187146305932448,0.14144935,0.2138871,0.999611704415578,4186.73274609727,"transfer learning distractor loc - Figure 6B"
"p[84]2",0.179173421,0.0179791118115307,0.1458249,0.2161629,0.999417308566173,4157.45878225433,"transfer learning distractor loc - Figure 6B"
"p[85]2",0.1882113715,0.0194949846136136,0.151610325,0.2274513,1.00216814455645,4611.43384821215,"transfer learning distractor loc - Figure 6B"
"p[86]2",0.177013601,0.0176374891509414,0.143341825,0.21149845,1.00487988121061,4259.01271023854,"transfer learning distractor loc - Figure 6B"
"p[87]2",0.232471474,0.0204158460859457,0.195587975,0.2751231,1.00290708303401,3425.51756084915,"transfer learning distractor loc - Figure 6B"
"p[88]2",0.1972507915,0.0194915994123841,0.15968095,0.23512445,1.00791597134163,4016.36349377932,"transfer learning distractor loc - Figure 6B"
"p[89]2",0.2000239885,0.0194520640505907,0.163797825,0.238902725,0.999624227041933,4769.37435954942,"transfer learning distractor loc - Figure 6B"
"p[90]2",0.22294347,0.0200033022141054,0.18505645,0.26383935,1.00071076447127,3639.17381443014,"transfer learning distractor loc - Figure 6B"
"p[91]2",0.20229357,0.0198168031653177,0.1653019,0.241920225,1.00587759271063,4398.37589814613,"transfer learning distractor loc - Figure 6B"
"p[92]2",0.214182172,0.0196201801019775,0.177784625,0.2536109,1.00402674224531,3503.61386766023,"transfer learning distractor loc - Figure 6B"
"p[93]2",0.206896952,0.0193258356873177,0.17020395,0.245526625,1.00045223605197,3035.10911536414,"transfer learning distractor loc - Figure 6B"
"p[94]2",0.209337331,0.0199589803720828,0.171106025,0.2508535,1.00462120860404,4314.83751953772,"transfer learning distractor loc - Figure 6B"
"p[95]2",0.204503981,0.0200586075292789,0.16487505,0.245079375,0.999802781860615,4158.1519381839,"transfer learning distractor loc - Figure 6B"
"p[96]2",0.2211229795,0.020230581823431,0.18476195,0.26144385,1.00359783159702,4168.91280611258,"transfer learning distractor loc - Figure 6B"
"p[97]2",0.1907199495,0.0191145566703312,0.15455165,0.229288725,1.0005321500947,4039.65301646218,"transfer learning distractor loc - Figure 6B"
"p[98]",0.21371315,0.0195823359125104,0.176658825,0.253629025,1.00473302730135,4021.98694862689,"transfer learning distractor loc - Figure 6B"
"p[99]",0.1956588,0.0194743527032506,0.159740125,0.235226225,0.999788621604451,3489.89137495232,"transfer learning distractor loc - Figure 6B"
"p[100]",0.1834396665,0.0189642824729314,0.146945975,0.22050615,1.00506659285146,4156.20749650489,"transfer learning distractor loc - Figure 6B"
"p[101]",0.2026863,0.0191277850661222,0.1660928,0.241386,1.00174184301689,3959.78662698536,"transfer learning distractor loc - Figure 6B"
"p[102]",0.2048375735,0.0195948355347886,0.168644775,0.244722575,1.00372597132958,3495.66971352683,"transfer learning distractor loc - Figure 6B"
"p[103]",0.179737592,0.0190436585689405,0.142956575,0.217825725,1.00608601956338,3851.00450621534,"transfer learning distractor loc - Figure 6B"
"p[104]",0.211541762,0.0198468609536171,0.17503445,0.25060475,1.00037625026341,3639.2957526379,"transfer learning distractor loc - Figure 6B"
"p[105]",0.1933783135,0.0192892588169704,0.1576689,0.232594275,1.00664095490927,4543.6779214212,"transfer learning distractor loc - Figure 6B"
"p[106]",0.1970194065,0.0191082090153197,0.161559,0.235327125,1.00334457801188,4160.27333127124,"transfer learning distractor loc - Figure 6B"
"p[107]",0.206995401,0.0189373029854143,0.1711169,0.24599095,1.00657118735888,3599.55584382962,"transfer learning distractor loc - Figure 6B"
"p[108]",0.188094942,0.0191078487074749,0.152054375,0.22710005,0.999314689991817,3515.01640615308,"transfer learning distractor loc - Figure 6B"
"p[109]",0.211231038,0.0198726857146515,0.173470975,0.251926675,1.00151603343711,3966.57177715578,"transfer learning distractor loc - Figure 6B"
"p[110]",0.190426977,0.0186743985929635,0.15517055,0.228909925,1.00181541852712,3978.27523531991,"transfer learning distractor loc - Figure 6B"
"a4",38.91449505,7.50223428493295,25.903785,55.4358775,1.00206807284537,1019.66693451155,"transfer learning distractor loc - Figure 6B"
"b4",155.60299845,29.9072510144476,104.4385,219.8087,1.00139614292077,1028.07693556052,"transfer learning distractor loc - Figure 6B"
